{
  "name": "I&C PM – Excel→Planner (Daily 09:00, Dynamic IDs)",
  "trigger": {
    "type": "Recurrence",
    "parameters": {
      "frequency": "Day",
      "interval": 1,
      "timeZone": "Asia/Taipei",
      "startTime": "2026-03-01T01:00:00Z",
      "schedule": {
        "hours": [
          1
        ],
        "minutes": [
          0
        ]
      }
    },
    "displayName": "每天 09:00 觸發（台北時間）"
  },
  "steps": [
    {
      "type": "Teams.ListTeams",
      "displayName": "列出所有 Teams",
      "outputs": "teams"
    },
    {
      "type": "FilterArray",
      "displayName": "找到 Group（I&C Project Management）",
      "inputs": "@{body('Teams.ListTeams')}",
      "conditions": [
        "@equals(item()['displayName'], 'I&C Project Management')"
      ],
      "outputs": "group"
    },
    {
      "type": "Compose",
      "displayName": "GroupId",
      "inputs": "@{first(outputs('group'))['id']}",
      "outputs": "groupId"
    },
    {
      "type": "Planner.ListPlans",
      "displayName": "列出該 Group 的 Plans",
      "parameters": {
        "groupId": "@{outputs('groupId')}"
      },
      "outputs": "plans"
    },
    {
      "type": "FilterArray",
      "displayName": "找到 Plan（I&C Project Management）",
      "inputs": "@{body('Planner.ListPlans')}",
      "conditions": [
        "@equals(item()['title'], 'I&C Project Management')"
      ],
      "outputs": "plan"
    },
    {
      "type": "Compose",
      "displayName": "PlanId",
      "inputs": "@{first(outputs('plan'))['id']}",
      "outputs": "planId"
    },
    {
      "type": "ExcelOnlineBusiness.ListRowsPresentInTable",
      "displayName": "列出 TasksToImport",
      "parameters": {
        "location": "OneDrive for Business",
        "file": "Planner_Tasks_Scheduled_ICPM.xlsx",
        "table": "TasksToImport",
        "pagination": true
      },
      "outputs": "rows"
    },
    {
      "type": "ApplyToEach",
      "displayName": "對每列建立任務",
      "items": "rows",
      "actions": [
        {
          "type": "Planner.ListBuckets",
          "displayName": "列出 Buckets",
          "parameters": {
            "planId": "@{outputs('planId')}"
          },
          "outputs": "buckets"
        },
        {
          "type": "FilterArray",
          "displayName": "選擇 Bucket（按列名稱）",
          "inputs": "@{body('Planner.ListBuckets')}",
          "conditions": [
            "@equals(item()['name'], @{items('row')['Bucket']})"
          ],
          "outputs": "bucket"
        },
        {
          "type": "Compose",
          "displayName": "BucketId",
          "inputs": "@{first(outputs('bucket'))['id']}",
          "outputs": "bucketId"
        },
        {
          "type": "Planner.CreateTaskPreview",
          "displayName": "建立 Planner 任務 (Preview)",
          "parameters": {
            "groupId": "@{outputs('groupId')}",
            "planId": "@{outputs('planId')}",
            "bucketId": "@{outputs('bucketId')}",
            "title": "@{items('row')['Title']}",
            "startDateTime": "@{items('row')['Start_Date']}",
            "dueDateTime": "@{items('row')['Due_Date']}",
            "priority": "@{items('row')['Priority']}"
          },
          "outputs": "task"
        },
        {
          "type": "Office365Users.GetUserProfileV2",
          "displayName": "以 Email 取得使用者 Id",
          "parameters": {
            "userPrincipalName": "@{items('row')['Assigned_Email']}"
          },
          "outputs": "user"
        },
        {
          "type": "Planner.AddAssigneesToTask",
          "displayName": "指派任務",
          "parameters": {
            "taskId": "@{outputs('task')['id']}",
            "assigneeUserIds": [
              "@{outputs('user')['id']}"
            ]
          }
        },
        {
          "type": "Planner.UpdateTaskDetails",
          "displayName": "更新描述",
          "parameters": {
            "taskId": "@{outputs('task')['id']}",
            "description": "@{items('row')['Description']}"
          }
        },
        {
          "type": "Compose",
          "displayName": "拆解 Checklist 字串",
          "inputs": "@{split(items('row')['Checklist'], ';')}",
          "outputs": "chkArray"
        },
        {
          "type": "ApplyToEach",
          "displayName": "為每個項目新增 Checklist",
          "items": "chkArray",
          "actions": [
            {
              "type": "Planner.UpdateTaskDetails",
              "displayName": "Append checklist item",
              "parameters": {
                "taskId": "@{outputs('task')['id']}",
                "checklist": [
                  {
                    "id": "@{guid()}",
                    "title": "@{items('Apply_to_each_2')}",
                    "isChecked": false
                  }
                ]
              }
            }
          ]
        }
      ]
    }
  ]
}