{
  "name": "I&C PM – Excel→Planner (Daily 09:00)",
  "trigger": {
    "type": "Recurrence",
    "parameters": {
      "frequency": "Day",
      "interval": 1,
      "timeZone": "Asia/Taipei",
      "startTime": "2026-03-01T01:00:00Z",
      "schedule": {
        "hours": [
          1
        ],
        "minutes": [
          0
        ]
      }
    },
    "displayName": "每天 09:00 觸發（台北時間）"
  },
  "steps": [
    {
      "type": "ExcelOnlineBusiness.ListRowsPresentInTable",
      "displayName": "列出 TasksToImport",
      "parameters": {
        "location": "OneDrive for Business",
        "file": "Planner_Tasks_Scheduled.xlsx",
        "table": "TasksToImport",
        "pagination": true
      },
      "outputs": "rows"
    },
    {
      "type": "ApplyToEach",
      "displayName": "對每列建立任務",
      "items": "rows",
      "actions": [
        {
          "type": "Planner.CreateTaskPreview",
          "displayName": "建立 Planner 任務 (Preview)",
          "parameters": {
            "groupId": "<Your-GroupId>",
            "planId": "<Your-PlanId>",
            "bucketIdOrName": "@{items('row')['Bucket']}",
            "title": "@{items('row')['Title']}",
            "startDateTime": "@{items('row')['Start_Date']}",
            "dueDateTime": "@{items('row')['Due_Date']}",
            "priority": "@{items('row')['Priority']}"
          },
          "outputs": "task"
        },
        {
          "type": "Planner.UpdateTaskDetails",
          "displayName": "更新描述與標籤",
          "parameters": {
            "taskId": "@{outputs('task')['id']}",
            "description": "@{items('row')['Description']}"
          }
        },
        {
          "type": "Compose",
          "displayName": "拆解 Checklist 字串",
          "inputs": "@{split(items('row')['Checklist'], ';')}",
          "outputs": "chkArray"
        },
        {
          "type": "ApplyToEach",
          "displayName": "為每個項目新增 Checklist",
          "items": "chkArray",
          "actions": [
            {
              "type": "Planner.UpdateTaskDetails",
              "displayName": "Append checklist item",
              "parameters": {
                "taskId": "@{outputs('task')['id']}",
                "checklist": [
                  {
                    "id": "@{guid()}",
                    "title": "@{items('Apply_to_each_2')}",
                    "isChecked": false
                  }
                ]
              }
            }
          ]
        }
      ]
    }
  ],
  "connectionReferences": [
    {
      "connector": "ExcelOnlineBusiness",
      "name": "Excel 連線"
    },
    {
      "connector": "Planner",
      "name": "Planner 連線"
    }
  ]
}