Task_ID,Title,Project,Bucket,Priority,Assigned_To,Start_Date,Due_Date,Completed_Date,Progress,Labels
T001,流程1_啟動 - 任務 01,I&C PM,流程1_啟動,High,Ben Chen,2026-01-02,2026-01-05,2026-01-05,1.0,Document
T002,流程1_啟動 - 任務 02,I&C PM,流程1_啟動,Medium,Team Lead A,2026-01-05,2026-01-09,2026-01-09,1.0,Document
T003,流程1_啟動 - 任務 03,I&C PM,流程1_啟動,Normal,Team Lead B,2026-01-08,2026-01-13,2026-01-13,1.0,Document
T004,流程1_啟動 - 任務 04,I&C PM,流程1_啟動,High,Member A,2026-01-11,2026-01-17,2026-01-17,1.0,Document
T005,流程1_啟動 - 任務 05,I&C PM,流程1_啟動,Medium,Member B,2026-01-09,2026-01-16,,0.5,Document
T006,流程1_啟動 - 任務 06,I&C PM,流程1_啟動,Normal,Member C,2026-01-12,2026-01-15,,0.75,Document
T007,流程1_啟動 - 任務 07,I&C PM,流程1_啟動,High,Ben Chen,2026-01-15,2026-01-19,,0.25,Document
T008,流程2_規劃 - 任務 01,I&C PM,流程2_規劃,High,Team Lead A,2026-01-04,2026-01-07,2026-01-07,1.0,Planning
T009,流程2_規劃 - 任務 02,I&C PM,流程2_規劃,Medium,Team Lead B,2026-01-07,2026-01-11,2026-01-11,1.0,Planning
T010,流程2_規劃 - 任務 03,I&C PM,流程2_規劃,Normal,Member A,2026-01-05,2026-01-10,2026-01-10,1.0,Planning
T011,流程2_規劃 - 任務 04,I&C PM,流程2_規劃,High,Member B,2026-01-08,2026-01-14,2026-01-14,1.0,Planning
T012,流程2_規劃 - 任務 05,I&C PM,流程2_規劃,Medium,Member C,2026-01-11,2026-01-18,,0.5,Planning
T013,流程2_規劃 - 任務 06,I&C PM,流程2_規劃,Normal,Ben Chen,2026-01-14,2026-01-17,,0.75,Planning
T014,流程2_規劃 - 任務 07,I&C PM,流程2_規劃,High,Team Lead A,2026-01-17,2026-01-21,,0.25,Planning
T015,流程2_規劃 - 任務 08,I&C PM,流程2_規劃,Medium,Team Lead B,2026-01-15,2026-01-20,,0.5,Planning
T016,流程2_規劃 - 任務 09,I&C PM,流程2_規劃,Normal,Member A,2026-01-18,2026-01-24,,0.75,Planning
T017,流程2_規劃 - 任務 10,I&C PM,流程2_規劃,High,Member B,2026-01-21,2026-01-28,,0.25,Planning
T018,流程2_規劃 - 任務 11,I&C PM,流程2_規劃,Medium,Member C,2026-01-24,2026-01-27,,0.5,Planning
T019,流程2_規劃 - 任務 12,I&C PM,流程2_規劃,Normal,Ben Chen,2026-01-27,2026-01-31,,0.75,Planning
T020,流程3_追蹤 - 任務 01,I&C PM,流程3_追蹤,High,Team Lead A,2026-01-01,2026-01-04,,0.25,Implementation
T021,流程3_追蹤 - 任務 02,I&C PM,流程3_追蹤,Medium,Team Lead B,2026-01-04,2026-01-08,,0.5,Implementation
T022,流程3_追蹤 - 任務 03,I&C PM,流程3_追蹤,Normal,Member A,2026-01-07,2026-01-12,,0.75,Implementation
T023,流程3_追蹤 - 任務 04,I&C PM,流程3_追蹤,High,Member B,2026-01-10,2026-01-16,,0.25,Implementation
T024,流程3_追蹤 - 任務 05,I&C PM,流程3_追蹤,Medium,Member C,2026-01-13,2026-01-20,,0.5,Implementation
T025,流程3_追蹤 - 任務 06,I&C PM,流程3_追蹤,Normal,Ben Chen,2026-01-11,2026-01-14,,0.75,Implementation
T026,流程3_追蹤 - 任務 07,I&C PM,流程3_追蹤,High,Team Lead A,2026-01-14,2026-01-18,,0.25,Implementation
T027,流程3_追蹤 - 任務 08,I&C PM,流程3_追蹤,Medium,Team Lead B,2026-01-17,2026-01-22,,0.5,Implementation
T028,流程3_追蹤 - 任務 09,I&C PM,流程3_追蹤,Normal,Member A,2026-01-20,2026-01-26,,0.75,Implementation
T029,流程3_追蹤 - 任務 10,I&C PM,流程3_追蹤,High,Member B,2026-01-23,2026-01-30,,0.25,Implementation
T030,流程3_追蹤 - 任務 11,I&C PM,流程3_追蹤,Medium,Member C,2026-01-21,2026-01-24,,0.5,Implementation
T031,流程3_追蹤 - 任務 12,I&C PM,流程3_追蹤,Normal,Ben Chen,2026-01-24,2026-01-28,,0.75,Implementation
T032,流程3_追蹤 - 任務 13,I&C PM,流程3_追蹤,High,Team Lead A,2026-01-27,2026-02-01,,0.25,Implementation
T033,流程3_追蹤 - 任務 14,I&C PM,流程3_追蹤,Medium,Team Lead B,2026-01-30,2026-02-05,,0.5,Implementation
T034,流程3_追蹤 - 任務 15,I&C PM,流程3_追蹤,Normal,Member A,2026-02-02,2026-02-09,,0.75,Implementation
T035,流程4_檢討 - 任務 01,I&C PM,流程4_檢討,High,Member B,2026-01-01,2026-01-04,,0.25,Review
T036,流程4_檢討 - 任務 02,I&C PM,流程4_檢討,Medium,Member C,2026-01-04,2026-01-08,,0.5,Review
T037,流程4_檢討 - 任務 03,I&C PM,流程4_檢討,Normal,Ben Chen,2026-01-07,2026-01-12,,0.75,Review
T038,流程4_檢討 - 任務 04,I&C PM,流程4_檢討,High,Team Lead A,2026-01-10,2026-01-16,,0.25,Review
T039,流程4_檢討 - 任務 05,I&C PM,流程4_檢討,Medium,Team Lead B,2026-01-13,2026-01-20,,0.5,Review
T040,流程4_檢討 - 任務 06,I&C PM,流程4_檢討,Normal,Member A,2026-01-11,2026-01-14,,0.75,Review
T041,流程4_檢討 - 任務 07,I&C PM,流程4_檢討,High,Member B,2026-01-14,2026-01-18,,0.25,Review
T042,流程4_檢討 - 任務 08,I&C PM,流程4_檢討,Medium,Member C,2026-01-17,2026-01-22,,0.5,Review
T043,流程5_結案 - 任務 01,I&C PM,流程5_結案,High,Ben Chen,2026-01-04,2026-01-07,,0.25,Closure
T044,流程5_結案 - 任務 02,I&C PM,流程5_結案,Medium,Team Lead A,2026-01-07,2026-01-11,,0.5,Closure
T045,流程5_結案 - 任務 03,I&C PM,流程5_結案,Normal,Team Lead B,2026-01-05,2026-01-10,,0.75,Closure
