{
  "name": "Bulk_Import_Planner_Tasks_From_Excel",
  "trigger": {
    "type": "Manual",
    "connector": "core",
    "displayName": "手動觸發流程"
  },
  "steps": [
    {
      "type": "ExcelOnlineBusiness.ListRowsPresentInTable",
      "displayName": "列出 Excel 表格的所有列",
      "parameters": {
        "location": "OneDrive for Business",
        "file": "Planner_Tasks_Bulk_Table.xlsx",
        "table": "TasksToImport",
        "pagination": true
      },
      "outputs": "rows"
    },
    {
      "type": "ApplyToEach",
      "displayName": "對每一列建立 Planner 任務",
      "items": "rows",
      "actions": [
        {
          "type": "Planner.CreateTaskPreview",
          "displayName": "建立 Planner 任務 (Preview)",
          "parameters": {
            "groupId": "<你的GroupId>",
            "planId": "<你的PlanId>",
            "bucketIdOrName": "@{items('row')['Bucket']}",
            "title": "@{items('row')['Title']}",
            "dueDateTime": "@{items('row')['Due_Date']}",
            "priority": "@{items('row')['Priority']}"
          },
          "outputs": "task"
        },
        {
          "type": "Planner.UpdateTaskDetails",
          "displayName": "更新任務詳細資料 (描述 / 標籤)",
          "parameters": {
            "taskId": "@{outputs('task')['id']}",
            "description": "@{items('row')['Labels']}"
          }
        }
      ]
    }
  ],
  "notes": "此 JSON 為教學用樣板，實際匯入需於 Power Automate 介面重建或使用解決方案封裝。"
}